-- Seed data for inventory tables

-- Insert inventory_unit_category
INSERT INTO "inventory_unit_category" ("id", "created_at", "name", "etag", "org_id", "updated_at") VALUES
('01JX0INVUC000010000000000A', NOW(), '{"en": "Weight", "vi": "Cân nặng"}', (EXTRACT(EPOCH FROM clock_timestamp()) * 1e9)::bigint, '01JWNY20G23KD4RV5VWYABQYHD', NULL),
('01JX0INVUC000020000000000B', NOW(), '{"en": "Length", "vi": "Chiều dài"}', (EXTRACT(EPOCH FROM clock_timestamp()) * 1e9)::bigint, '01JWNY20G23KD4RV5VWYABQYHD', NULL),
('01JX0INVUC000030000000000C', NOW(), '{"en": "Volume", "vi": "Thể tích"}', (EXTRACT(EPOCH FROM clock_timestamp()) * 1e9)::bigint, '01JWNY20G23KD4RV5VWYABQYHD', NULL),
('01JX0INVUC000040000000000D', NOW(), '{"en": "Quantity", "vi": "Số lượng"}', (EXTRACT(EPOCH FROM clock_timestamp()) * 1e9)::bigint, '01JWNY20G23KD4RV5VWYABQYHD', NULL);

-- Insert inventory_unit
INSERT INTO "inventory_unit" ("id", "base_unit", "created_at", "etag", "multiplier", "org_id", "name", "status", "symbol", "updated_at", "category_id") VALUES
('01JX0INVUN000010000000000A', NULL, NOW(), (EXTRACT(EPOCH FROM clock_timestamp()) * 1e9)::bigint, NULL, '01JWNY20G23KD4RV5VWYABQYHD', '{"en": "Kilogram", "vi": "Kilogam"}', 'active', 'kg', NULL, '01JX0INVUC000010000000000A'),
('01JX0INVUN000020000000000B', '01JX0INVUN000010000000000A', NOW(), (EXTRACT(EPOCH FROM clock_timestamp()) * 1e9)::bigint, 1000, '01JWNY20G23KD4RV5VWYABQYHD', '{"en": "Gram", "vi": "Gam"}', 'active', 'g', NULL, '01JX0INVUC000010000000000A'),
('01JX0INVUN000030000000000C', NULL, NOW(), (EXTRACT(EPOCH FROM clock_timestamp()) * 1e9)::bigint, NULL, '01JWNY20G23KD4RV5VWYABQYHD', '{"en": "Meter", "vi": "Mét"}', 'active', 'm', NULL, '01JX0INVUC000020000000000B'),
('01JX0INVUN000040000000000D', '01JX0INVUN000030000000000C', NOW(), (EXTRACT(EPOCH FROM clock_timestamp()) * 1e9)::bigint, 100, '01JWNY20G23KD4RV5VWYABQYHD', '{"en": "Centimeter", "vi": "Xentimet"}', 'active', 'cm', NULL, '01JX0INVUC000020000000000B'),
('01JX0INVUN000050000000000E', NULL, NOW(), (EXTRACT(EPOCH FROM clock_timestamp()) * 1e9)::bigint, NULL, '01JWNY20G23KD4RV5VWYABQYHD', '{"en": "Liter", "vi": "Lít"}', 'active', 'L', NULL, '01JX0INVUC000030000000000C'),
('01JX0INVUN000060000000000F', '01JX0INVUN000050000000000E', NOW(), (EXTRACT(EPOCH FROM clock_timestamp()) * 1e9)::bigint, 1000, '01JWNY20G23KD4RV5VWYABQYHD', '{"en": "Milliliter", "vi": "Mililit"}', 'active', 'ml', NULL, '01JX0INVUC000030000000000C'),
('01JX0INVUN000070000000000G', NULL, NOW(), (EXTRACT(EPOCH FROM clock_timestamp()) * 1e9)::bigint, NULL, '01JWNY20G23KD4RV5VWYABQYHD', '{"en": "Piece", "vi": "Cái"}', 'active', 'pcs', NULL, '01JX0INVUC000040000000000D'),
('01JX0INVUN000080000000000H', '01JX0INVUN000070000000000G', NOW(), (EXTRACT(EPOCH FROM clock_timestamp()) * 1e9)::bigint, 12, '01JWNY20G23KD4RV5VWYABQYHD', '{"en": "Dozen", "vi": "Tá"}', 'active', 'doz', NULL, '01JX0INVUC000040000000000D');

-- Insert inventory_product_category
INSERT INTO "inventory_product_category" ("id", "created_at", "name", "org_id", "etag", "updated_at") VALUES
('01JX0INVPC000010000000000A', NOW(), '{"en": "Electronics", "vi": "Điện tử"}', '01JWNY20G23KD4RV5VWYABQYHD', (EXTRACT(EPOCH FROM clock_timestamp()) * 1e9)::bigint, NULL),
('01JX0INVPC000020000000000B', NOW(), '{"en": "Clothing", "vi": "Quần áo"}', '01JWNY20G23KD4RV5VWYABQYHD', (EXTRACT(EPOCH FROM clock_timestamp()) * 1e9)::bigint, NULL),
('01JX0INVPC000030000000000C', NOW(), '{"en": "Food & Beverage", "vi": "Thực phẩm & Đồ uống"}', '01JWNY20G23KD4RV5VWYABQYHD', (EXTRACT(EPOCH FROM clock_timestamp()) * 1e9)::bigint, NULL),
('01JX0INVPC000040000000000D', NOW(), '{"en": "Home & Garden", "vi": "Nhà & Vườn"}', '01JWNY20G23KD4RV5VWYABQYHD', (EXTRACT(EPOCH FROM clock_timestamp()) * 1e9)::bigint, NULL);

-- Insert inventory_product
INSERT INTO "inventory_product" ("id", "created_at", "default_variant_id", "description", "etag", "name", "org_id", "status", "tag_ids", "thumbnail_url", "updated_at", "unit_id") VALUES
('01JX0INVPD000010000000000A', NOW(), NULL, '{"en": "High-quality wireless headphones", "vi": "Tai nghe không dây chất lượng cao"}', (EXTRACT(EPOCH FROM clock_timestamp()) * 1e9)::bigint, '{"en": "Wireless Headphones", "vi": "Tai nghe không dây"}', '01JWNY20G23KD4RV5VWYABQYHD', 'active', 'electronics,audio', 'https://images.pexels.com/photos/1649771/pexels-photo-1649771.jpeg', NULL, '01JX0INVUN000070000000000G'),
('01JX0INVPD000020000000000B', NOW(), NULL, '{"en": "Premium cotton t-shirt", "vi": "Áo phông cotton cao cấp"}', (EXTRACT(EPOCH FROM clock_timestamp()) * 1e9)::bigint, '{"en": "Cotton T-Shirt", "vi": "Áo phông Cotton"}', '01JWNY20G23KD4RV5VWYABQYHD', 'active', 'clothing,mens', 'https://images.pexels.com/photos/2294342/pexels-photo-2294342.jpeg', NULL, '01JX0INVUN000070000000000G'),
('01JX0INVPD000030000000000C', NOW(), NULL, '{"en": "Organic arabica coffee beans", "vi": "Hạt cà phê arabica hữu cơ"}', (EXTRACT(EPOCH FROM clock_timestamp()) * 1e9)::bigint, '{"en": "Organic Coffee Beans", "vi": "Cà phê hạt hữu cơ"}', '01JWNY20G23KD4RV5VWYABQYHD', 'active', 'food,beverage', 'https://images.pexels.com/photos/261434/pexels-photo-261434.jpeg', NULL, '01JX0INVUN000020000000000B'),
('01JX0INVPD000040000000000D', NOW(), NULL, '{"en": "Stainless steel kitchenware set", "vi": "Bộ đồ dùng nhà bếp inox"}', (EXTRACT(EPOCH FROM clock_timestamp()) * 1e9)::bigint, '{"en": "Kitchenware Set", "vi": "Bộ đồ dùng nhà bếp"}', '01JWNY20G23KD4RV5VWYABQYHD', 'active', 'home,kitchen', 'https://images.pexels.com/photos/1599791/pexels-photo-1599791.jpeg', NULL, '01JX0INVUN000070000000000G');

-- Insert product_category_rel
INSERT INTO "product_category_rel" ("product_id", "product_category_id") VALUES
('01JX0INVPD000010000000000A', '01JX0INVPC000010000000000A'),
('01JX0INVPD000020000000000B', '01JX0INVPC000020000000000B'),
('01JX0INVPD000030000000000C', '01JX0INVPC000030000000000C'),
('01JX0INVPD000040000000000D', '01JX0INVPC000040000000000D');

-- Insert inventory_attribute_group
INSERT INTO "inventory_attribute_group" ("id", "created_at", "index", "name", "etag", "updated_at", "product_id") VALUES
('01JX0INVAG000010000000000A', NOW(), 1, '{"en": "Color & Size", "vi": "Màu & Kích cỡ"}', (EXTRACT(EPOCH FROM clock_timestamp()) * 1e9)::bigint, NULL, '01JX0INVPD000010000000000A'),
('01JX0INVAG000020000000000B', NOW(), 2, '{"en": "Connectivity & Battery", "vi": "Kết nối & Pin"}', (EXTRACT(EPOCH FROM clock_timestamp()) * 1e9)::bigint, NULL, '01JX0INVPD000010000000000A'),
('01JX0INVAG000030000000000C', NOW(), 3, '{"en": "Sound Quality", "vi": "Chất lượng âm thanh"}', (EXTRACT(EPOCH FROM clock_timestamp()) * 1e9)::bigint, NULL, '01JX0INVPD000010000000000A'),
('01JX0INVAG000040000000000D', NOW(), 1, '{"en": "Appearance", "vi": "Ngoài hình"}', (EXTRACT(EPOCH FROM clock_timestamp()) * 1e9)::bigint, NULL, '01JX0INVPD000020000000000B'),
('01JX0INVAG000050000000000E', NOW(), 2, '{"en": "Brand & Price", "vi": "Thương hiệu & Giá"}', (EXTRACT(EPOCH FROM clock_timestamp()) * 1e9)::bigint, NULL, '01JX0INVPD000020000000000B'),
('01JX0INVAG000060000000000F', NOW(), 1, '{"en": "Specifications", "vi": "Thông số kỹ thuật"}', (EXTRACT(EPOCH FROM clock_timestamp()) * 1e9)::bigint, NULL, '01JX0INVPD000030000000000C'),
('01JX0INVAG000070000000000G', NOW(), 2, '{"en": "Packaging", "vi": "Đóng gói"}', (EXTRACT(EPOCH FROM clock_timestamp()) * 1e9)::bigint, NULL, '01JX0INVPD000030000000000C'),
('01JX0INVAG000080000000000H', NOW(), 3, '{"en": "Process", "vi": "Quy trình"}', (EXTRACT(EPOCH FROM clock_timestamp()) * 1e9)::bigint, NULL, '01JX0INVPD000030000000000C'),
('01JX0INVAG000090000000000I', NOW(), 1, '{"en": "Material & Size", "vi": "Chất liệu & Kích cỡ"}', (EXTRACT(EPOCH FROM clock_timestamp()) * 1e9)::bigint, NULL, '01JX0INVPD000040000000000D'),
('01JX0INVAG0000A0000000000J', NOW(), 2, '{"en": "Color & Handle", "vi": "Màu & Tay cầm"}', (EXTRACT(EPOCH FROM clock_timestamp()) * 1e9)::bigint, NULL, '01JX0INVPD000040000000000D');

-- Insert inventory_attribute
INSERT INTO "inventory_attribute" ("id", "code_name", "created_at", "data_type", "display_name", "enum_value_sort", "enum_value", "etag", "is_enum", "is_required", "sort_index", "updated_at", "attribute_group_id", "product_id") VALUES
('01JX0INVAT000010000000000A', 'color', NOW(), 'text', '{"en": "Color", "vi": "Màu sắc"}', true, '[{"en": "Black", "vi": "Đen"}, {"en": "White", "vi": "Trắng"}, {"en": "Silver", "vi": "Bạc"}]', (EXTRACT(EPOCH FROM clock_timestamp()) * 1e9)::bigint, true, true, 1, NULL, '01JX0INVAG000010000000000A', '01JX0INVPD000010000000000A'),
('01JX0INVAT000020000000000B', 'warranty', NOW(), 'number', '{"en": "Warranty (months)", "vi": "Bảo hành (tháng)"}', false, NULL, (EXTRACT(EPOCH FROM clock_timestamp()) * 1e9)::bigint, false, false, 2, NULL, '01JX0INVAG000010000000000A', '01JX0INVPD000010000000000A'),
('01JX0INVAT000090000000000I', 'bluetooth_version', NOW(), 'text', '{"en": "Bluetooth Version", "vi": "Phiên bản Bluetooth"}', false, '[{"en": "5.0", "vi": "5.0"}, {"en": "5.1", "vi": "5.1"}, {"en": "5.2", "vi": "5.2"}]', (EXTRACT(EPOCH FROM clock_timestamp()) * 1e9)::bigint, true, true, 1, NULL, '01JX0INVAG000020000000000B', '01JX0INVPD000010000000000A'),
('01JX0INVAT0000A0000000000J', 'battery_life', NOW(), 'text', '{"en": "Battery Life", "vi": "Thời lượng pin"}', true, '[{"en": "20 hours", "vi": "20 giờ"}, {"en": "30 hours", "vi": "30 giờ"}, {"en": "40 hours", "vi": "40 giờ"}]', (EXTRACT(EPOCH FROM clock_timestamp()) * 1e9)::bigint, true, true, 2, NULL, '01JX0INVAG000020000000000B', '01JX0INVPD000010000000000A'),
('01JX0INVAT0000B0000000000K', 'charging_time', NOW(), 'text', '{"en": "Charging Time", "vi": "Thời gian sạc"}', false, '[{"en": "1 hour", "vi": "1 giờ"}, {"en": "2 hours", "vi": "2 giờ"}]', (EXTRACT(EPOCH FROM clock_timestamp()) * 1e9)::bigint, true, false, 3, NULL, '01JX0INVAG000020000000000B', '01JX0INVPD000010000000000A'),
('01JX0INVAT0000C0000000000L', 'driver_size', NOW(), 'text', '{"en": "Driver Size", "vi": "Kích thước loa"}', false, '[{"en": "40mm", "vi": "40mm"}, {"en": "50mm", "vi": "50mm"}]', (EXTRACT(EPOCH FROM clock_timestamp()) * 1e9)::bigint, true, false, 1, NULL, '01JX0INVAG000030000000000C', '01JX0INVPD000010000000000A'),
('01JX0INVAT0000D0000000000M', 'frequency_response', NOW(), 'text', '{"en": "Frequency Response", "vi": "Phạm vi tần số"}', false, '[{"en": "20Hz-20KHz", "vi": "20Hz-20KHz"}, {"en": "5Hz-40KHz", "vi": "5Hz-40KHz"}]', (EXTRACT(EPOCH FROM clock_timestamp()) * 1e9)::bigint, false, false, 2, NULL, '01JX0INVAG000030000000000C', '01JX0INVPD000010000000000A'),
('01JX0INVAT000030000000000C', 'size', NOW(), 'text', '{"en": "Size", "vi": "Kích cỡ"}', true, '[{"en": "XS", "vi": "XS"}, {"en": "S", "vi": "S"}, {"en": "M", "vi": "M"}, {"en": "L", "vi": "L"}, {"en": "XL", "vi": "XL"}, {"en": "XXL", "vi": "XXL"}]', (EXTRACT(EPOCH FROM clock_timestamp()) * 1e9)::bigint, true, true, 1, NULL, '01JX0INVAG000040000000000D', '01JX0INVPD000020000000000B'),
('01JX0INVAT000040000000000D', 'material', NOW(), 'text', '{"en": "Material", "vi": "Chất liệu"}', false, '[{"en": "100% Cotton", "vi": "100% Cotton"}, {"en": "Cotton Blend", "vi": "Hỗn hợp Cotton"}]', (EXTRACT(EPOCH FROM clock_timestamp()) * 1e9)::bigint, true, false, 2, NULL, '01JX0INVAG000040000000000D', '01JX0INVPD000020000000000B'),
('01JX0INVAT0000E0000000000N', 'color_tshirt', NOW(), 'text', '{"en": "Color", "vi": "Màu sắc"}', true, '[{"en": "Navy", "vi": "Xanh đen"}, {"en": "Red", "vi": "Đỏ"}, {"en": "Blue", "vi": "Xanh lam"}, {"en": "Gray", "vi": "Xám"}]', (EXTRACT(EPOCH FROM clock_timestamp()) * 1e9)::bigint, true, true, 1, NULL, '01JX0INVAG000050000000000E', '01JX0INVPD000020000000000B'),
('01JX0INVAT0000F0000000000O', 'brand', NOW(), 'text', '{"en": "Brand", "vi": "Thương hiệu"}', false, '[{"en": "Premium", "vi": "Premium"}, {"en": "Standard", "vi": "Standard"}]', (EXTRACT(EPOCH FROM clock_timestamp()) * 1e9)::bigint, true, false, 2, NULL, '01JX0INVAG000050000000000E', '01JX0INVPD000020000000000B'),
('01JX0INVAT000050000000000E', 'roast_level', NOW(), 'text', '{"en": "Roast Level", "vi": "Mức rang"}', true, '[{"en": "Light", "vi": "Nhạt"}, {"en": "Medium", "vi": "Trung bình"}, {"en": "Dark", "vi": "Đậm"}, {"en": "Extra Dark", "vi": "Đen đậm"}]', (EXTRACT(EPOCH FROM clock_timestamp()) * 1e9)::bigint, true, true, 1, NULL, '01JX0INVAG000060000000000F', '01JX0INVPD000030000000000C'),
('01JX0INVAT000060000000000F', 'origin', NOW(), 'text', '{"en": "Origin", "vi": "Nguồn gốc"}', false, '[{"en": "Vietnam", "vi": "Việt Nam"}, {"en": "Colombia", "vi": "Colombia"}, {"en": "Ethiopia", "vi": "Ethiopia"}]', (EXTRACT(EPOCH FROM clock_timestamp()) * 1e9)::bigint, true, false, 2, NULL, '01JX0INVAG000060000000000F', '01JX0INVPD000030000000000C'),
('01JX0INVAT000160000000000Q', 'bag_weight', NOW(), 'text', '{"en": "Bag Weight", "vi": "Trọng lượng túi"}', true, '[{"en": "250g", "vi": "250g"}, {"en": "500g", "vi": "500g"}, {"en": "1kg", "vi": "1kg"}]', (EXTRACT(EPOCH FROM clock_timestamp()) * 1e9)::bigint, true, true, 1, NULL, '01JX0INVAG000070000000000G', '01JX0INVPD000030000000000C'),
('01JX0INVAT000170000000000R', 'packaging', NOW(), 'text', '{"en": "Packaging Type", "vi": "Loại đóng gói"}', false, '[{"en": "Bag", "vi": "Túi"}, {"en": "Box", "vi": "Hộp"}]', (EXTRACT(EPOCH FROM clock_timestamp()) * 1e9)::bigint, true, false, 2, NULL, '01JX0INVAG000070000000000G', '01JX0INVPD000030000000000C'),
('01JX0INVAT000180000000000S', 'process_type', NOW(), 'text', '{"en": "Process Type", "vi": "Loại quy trình"}', false, '[{"en": "Washed", "vi": "Rửa sạch"}, {"en": "Natural", "vi": "Tự nhiên"}, {"en": "Honey", "vi": "Mật ong"}]', (EXTRACT(EPOCH FROM clock_timestamp()) * 1e9)::bigint, true, false, 1, NULL, '01JX0INVAG000080000000000H', '01JX0INVPD000030000000000C'),
('01JX0INVAT000190000000000T', 'altitude', NOW(), 'text', '{"en": "Altitude", "vi": "Độ cao"}', false, '[{"en": "Low (0-800m)", "vi": "Thấp (0-800m)"}, {"en": "Medium (800-1500m)", "vi": "Trung bình (800-1500m)"}, {"en": "High (>1500m)", "vi": "Cao (>1500m)"}]', (EXTRACT(EPOCH FROM clock_timestamp()) * 1e9)::bigint, false, false, 2, NULL, '01JX0INVAG000080000000000H', '01JX0INVPD000030000000000C'),
('01JX0INVAT000070000000000G', 'pieces', NOW(), 'number', '{"en": "Number of Pieces", "vi": "Số lượng bộ"}', false, NULL, (EXTRACT(EPOCH FROM clock_timestamp()) * 1e9)::bigint, false, true, 1, NULL, '01JX0INVAG000090000000000I', '01JX0INVPD000040000000000D'),
('01JX0INVAT000080000000000H', 'material_type', NOW(), 'text', '{"en": "Material Type", "vi": "Loại chất liệu"}', false, '[{"en": "Stainless Steel", "vi": "Inox"}, {"en": "Cast Iron", "vi": "Sắt đúc"}]', (EXTRACT(EPOCH FROM clock_timestamp()) * 1e9)::bigint, true, false, 2, NULL, '01JX0INVAG000090000000000I', '01JX0INVPD000040000000000D'),
('01JX0INVAT000200000000000U', 'color_kitchen', NOW(), 'text', '{"en": "Color", "vi": "Màu sắc"}', false, '[{"en": "Silver", "vi": "Bạc"}, {"en": "Black", "vi": "Đen"}, {"en": "Gold", "vi": "Vàng"}]', (EXTRACT(EPOCH FROM clock_timestamp()) * 1e9)::bigint, true, true, 1, NULL, '01JX0INVAG0000A0000000000J', '01JX0INVPD000040000000000D'),
('01JX0INVAT000210000000000V', 'handle_material', NOW(), 'text', '{"en": "Handle Material", "vi": "Chất liệu tay cầm"}', false, '[{"en": "Silicone", "vi": "Silicone"}, {"en": "Stainless Steel", "vi": "Inox"}, {"en": "Bakelite", "vi": "Bakelite"}]', (EXTRACT(EPOCH FROM clock_timestamp()) * 1e9)::bigint, true, true, 2, NULL, '01JX0INVAG0000A0000000000J', '01JX0INVPD000040000000000D');

-- Insert inventory_attribute_value
INSERT INTO "inventory_attribute_value" ("id", "created_at", "updated_at", "value_text", "value_number", "value_bool", "value_ref", "variant_count", "etag", "attribute_id") VALUES
('01JX0INVAV000010000000000A', NOW(), NULL, '{"en": "Black", "vi": "Đen"}', NULL, NULL, NULL, 2, (EXTRACT(EPOCH FROM clock_timestamp()) * 1e9)::bigint, '01JX0INVAT000010000000000A'),
('01JX0INVAV000020000000000B', NOW(), NULL, '{"en": "White", "vi": "Trắng"}', NULL, NULL, NULL, 2, (EXTRACT(EPOCH FROM clock_timestamp()) * 1e9)::bigint, '01JX0INVAT000010000000000A'),
('01JX0INVAV000030000000000C', NOW(), NULL, '{"en": "Silver", "vi": "Bạc"}', NULL, NULL, NULL, 1, (EXTRACT(EPOCH FROM clock_timestamp()) * 1e9)::bigint, '01JX0INVAT000010000000000A'),
('01JX0INVAV000040000000000D', NOW(), NULL, NULL, 12, NULL, NULL, 3, (EXTRACT(EPOCH FROM clock_timestamp()) * 1e9)::bigint, '01JX0INVAT000020000000000B'),
('01JX0INVAV000200000000000U', NOW(), NULL, '{"en": "5.0", "vi": "5.0"}', NULL, NULL, NULL, 2, (EXTRACT(EPOCH FROM clock_timestamp()) * 1e9)::bigint, '01JX0INVAT000090000000000I'),
('01JX0INVAV000210000000000V', NOW(), NULL, '{"en": "5.1", "vi": "5.1"}', NULL, NULL, NULL, 2, (EXTRACT(EPOCH FROM clock_timestamp()) * 1e9)::bigint, '01JX0INVAT000090000000000I'),
('01JX0INVAV000220000000000W', NOW(), NULL, '{"en": "5.2", "vi": "5.2"}', NULL, NULL, NULL, 1, (EXTRACT(EPOCH FROM clock_timestamp()) * 1e9)::bigint, '01JX0INVAT000090000000000I'),
('01JX0INVAV000230000000000X', NOW(), NULL, '{"en": "20 hours", "vi": "20 giờ"}', NULL, NULL, NULL, 2, (EXTRACT(EPOCH FROM clock_timestamp()) * 1e9)::bigint, '01JX0INVAT0000A0000000000J'),
('01JX0INVAV000240000000000Y', NOW(), NULL, '{"en": "30 hours", "vi": "30 giờ"}', NULL, NULL, NULL, 2, (EXTRACT(EPOCH FROM clock_timestamp()) * 1e9)::bigint, '01JX0INVAT0000A0000000000J'),
('01JX0INVAV000250000000000Z', NOW(), NULL, '{"en": "40 hours", "vi": "40 giờ"}', NULL, NULL, NULL, 1, (EXTRACT(EPOCH FROM clock_timestamp()) * 1e9)::bigint, '01JX0INVAT0000A0000000000J'),
('01JX0INVAV000260000000000AA', NOW(), NULL, '{"en": "1 hour", "vi": "1 giờ"}', NULL, NULL, NULL, 2, (EXTRACT(EPOCH FROM clock_timestamp()) * 1e9)::bigint, '01JX0INVAT0000B0000000000K'),
('01JX0INVAV000270000000000AB', NOW(), NULL, '{"en": "2 hours", "vi": "2 giờ"}', NULL, NULL, NULL, 2, (EXTRACT(EPOCH FROM clock_timestamp()) * 1e9)::bigint, '01JX0INVAT0000B0000000000K'),
('01JX0INVAV000280000000000AC', NOW(), NULL, '{"en": "40mm", "vi": "40mm"}', NULL, NULL, NULL, 3, (EXTRACT(EPOCH FROM clock_timestamp()) * 1e9)::bigint, '01JX0INVAT0000C0000000000L'),
('01JX0INVAV000290000000000AD', NOW(), NULL, '{"en": "50mm", "vi": "50mm"}', NULL, NULL, NULL, 2, (EXTRACT(EPOCH FROM clock_timestamp()) * 1e9)::bigint, '01JX0INVAT0000C0000000000L'),
('01JX0INVAV000300000000000AE', NOW(), NULL, '{"en": "20Hz-20KHz", "vi": "20Hz-20KHz"}', NULL, NULL, NULL, 3, (EXTRACT(EPOCH FROM clock_timestamp()) * 1e9)::bigint, '01JX0INVAT0000D0000000000M'),
('01JX0INVAV000310000000000AF', NOW(), NULL, '{"en": "5Hz-40KHz", "vi": "5Hz-40KHz"}', NULL, NULL, NULL, 2, (EXTRACT(EPOCH FROM clock_timestamp()) * 1e9)::bigint, '01JX0INVAT0000D0000000000M'),
('01JX0INVAV000050000000000E', NOW(), NULL, '{"en": "M", "vi": "M"}', NULL, NULL, NULL, 2, (EXTRACT(EPOCH FROM clock_timestamp()) * 1e9)::bigint, '01JX0INVAT000030000000000C'),
('01JX0INVAV000060000000000F', NOW(), NULL, '{"en": "L", "vi": "L"}', NULL, NULL, NULL, 2, (EXTRACT(EPOCH FROM clock_timestamp()) * 1e9)::bigint, '01JX0INVAT000030000000000C'),
('01JX0INVAV000070000000000G', NOW(), NULL, '{"en": "XL", "vi": "XL"}', NULL, NULL, NULL, 1, (EXTRACT(EPOCH FROM clock_timestamp()) * 1e9)::bigint, '01JX0INVAT000030000000000C'),
('01JX0INVAV000320000000000AG', NOW(), NULL, '{"en": "S", "vi": "S"}', NULL, NULL, NULL, 2, (EXTRACT(EPOCH FROM clock_timestamp()) * 1e9)::bigint, '01JX0INVAT000030000000000C'),
('01JX0INVAV000330000000000AH', NOW(), NULL, '{"en": "XXL", "vi": "XXL"}', NULL, NULL, NULL, 1, (EXTRACT(EPOCH FROM clock_timestamp()) * 1e9)::bigint, '01JX0INVAT000030000000000C'),
('01JX0INVAV000080000000000H', NOW(), NULL, '{"en": "100% Cotton", "vi": "100% Cotton"}', NULL, NULL, NULL, 5, (EXTRACT(EPOCH FROM clock_timestamp()) * 1e9)::bigint, '01JX0INVAT000040000000000D'),
('01JX0INVAV000340000000000AI', NOW(), NULL, '{"en": "Cotton Blend", "vi": "Hỗn hợp Cotton"}', NULL, NULL, NULL, 3, (EXTRACT(EPOCH FROM clock_timestamp()) * 1e9)::bigint, '01JX0INVAT000040000000000D'),
('01JX0INVAV000350000000000AJ', NOW(), NULL, '{"en": "Navy", "vi": "Xanh đen"}', NULL, NULL, NULL, 3, (EXTRACT(EPOCH FROM clock_timestamp()) * 1e9)::bigint, '01JX0INVAT0000E0000000000N'),
('01JX0INVAV000360000000000AK', NOW(), NULL, '{"en": "Red", "vi": "Đỏ"}', NULL, NULL, NULL, 2, (EXTRACT(EPOCH FROM clock_timestamp()) * 1e9)::bigint, '01JX0INVAT0000E0000000000N'),
('01JX0INVAV000370000000000AL', NOW(), NULL, '{"en": "Blue", "vi": "Xanh lam"}', NULL, NULL, NULL, 2, (EXTRACT(EPOCH FROM clock_timestamp()) * 1e9)::bigint, '01JX0INVAT0000E0000000000N'),
('01JX0INVAV000380000000000AM', NOW(), NULL, '{"en": "Gray", "vi": "Xám"}', NULL, NULL, NULL, 1, (EXTRACT(EPOCH FROM clock_timestamp()) * 1e9)::bigint, '01JX0INVAT0000E0000000000N'),
('01JX0INVAV000390000000000AN', NOW(), NULL, '{"en": "Premium", "vi": "Premium"}', NULL, NULL, NULL, 4, (EXTRACT(EPOCH FROM clock_timestamp()) * 1e9)::bigint, '01JX0INVAT0000F0000000000O'),
('01JX0INVAV000400000000000AO', NOW(), NULL, '{"en": "Standard", "vi": "Standard"}', NULL, NULL, NULL, 4, (EXTRACT(EPOCH FROM clock_timestamp()) * 1e9)::bigint, '01JX0INVAT0000F0000000000O'),
('01JX0INVAV000090000000000I', NOW(), NULL, '{"en": "Medium", "vi": "Trung bình"}', NULL, NULL, NULL, 3, (EXTRACT(EPOCH FROM clock_timestamp()) * 1e9)::bigint, '01JX0INVAT000050000000000E'),
('01JX0INVAV000100000000000J', NOW(), NULL, '{"en": "Dark", "vi": "Đậm"}', NULL, NULL, NULL, 2, (EXTRACT(EPOCH FROM clock_timestamp()) * 1e9)::bigint, '01JX0INVAT000050000000000E'),
('01JX0INVAV000410000000000AP', NOW(), NULL, '{"en": "Light", "vi": "Nhạt"}', NULL, NULL, NULL, 2, (EXTRACT(EPOCH FROM clock_timestamp()) * 1e9)::bigint, '01JX0INVAT000050000000000E'),
('01JX0INVAV000420000000000AQ', NOW(), NULL, '{"en": "Extra Dark", "vi": "Đen đậm"}', NULL, NULL, NULL, 1, (EXTRACT(EPOCH FROM clock_timestamp()) * 1e9)::bigint, '01JX0INVAT000050000000000E'),
('01JX0INVAV000110000000000K', NOW(), NULL, '{"en": "Vietnam", "vi": "Việt Nam"}', NULL, NULL, NULL, 3, (EXTRACT(EPOCH FROM clock_timestamp()) * 1e9)::bigint, '01JX0INVAT000060000000000F'),
('01JX0INVAV000120000000000L', NOW(), NULL, '{"en": "Colombia", "vi": "Colombia"}', NULL, NULL, NULL, 2, (EXTRACT(EPOCH FROM clock_timestamp()) * 1e9)::bigint, '01JX0INVAT000060000000000F'),
('01JX0INVAV000430000000000AR', NOW(), NULL, '{"en": "Ethiopia", "vi": "Ethiopia"}', NULL, NULL, NULL, 2, (EXTRACT(EPOCH FROM clock_timestamp()) * 1e9)::bigint, '01JX0INVAT000060000000000F'),
('01JX0INVAV000440000000000AS', NOW(), NULL, '{"en": "250g", "vi": "250g"}', NULL, NULL, NULL, 2, (EXTRACT(EPOCH FROM clock_timestamp()) * 1e9)::bigint, '01JX0INVAT000160000000000Q'),
('01JX0INVAV000450000000000AT', NOW(), NULL, '{"en": "500g", "vi": "500g"}', NULL, NULL, NULL, 4, (EXTRACT(EPOCH FROM clock_timestamp()) * 1e9)::bigint, '01JX0INVAT000160000000000Q'),
('01JX0INVAV000460000000000AU', NOW(), NULL, '{"en": "1kg", "vi": "1kg"}', NULL, NULL, NULL, 2, (EXTRACT(EPOCH FROM clock_timestamp()) * 1e9)::bigint, '01JX0INVAT000160000000000Q'),
('01JX0INVAV000470000000000AV', NOW(), NULL, '{"en": "Bag", "vi": "Túi"}', NULL, NULL, NULL, 6, (EXTRACT(EPOCH FROM clock_timestamp()) * 1e9)::bigint, '01JX0INVAT000170000000000R'),
('01JX0INVAV000480000000000AW', NOW(), NULL, '{"en": "Box", "vi": "Hộp"}', NULL, NULL, NULL, 2, (EXTRACT(EPOCH FROM clock_timestamp()) * 1e9)::bigint, '01JX0INVAT000170000000000R'),
('01JX0INVAV000490000000000AX', NOW(), NULL, '{"en": "Washed", "vi": "Rửa sạch"}', NULL, NULL, NULL, 3, (EXTRACT(EPOCH FROM clock_timestamp()) * 1e9)::bigint, '01JX0INVAT000180000000000S'),
('01JX0INVAV000500000000000AY', NOW(), NULL, '{"en": "Natural", "vi": "Tự nhiên"}', NULL, NULL, NULL, 3, (EXTRACT(EPOCH FROM clock_timestamp()) * 1e9)::bigint, '01JX0INVAT000180000000000S'),
('01JX0INVAV000510000000000AZ', NOW(), NULL, '{"en": "Honey", "vi": "Mật ong"}', NULL, NULL, NULL, 2, (EXTRACT(EPOCH FROM clock_timestamp()) * 1e9)::bigint, '01JX0INVAT000180000000000S'),
('01JX0INVAV000520000000000BA', NOW(), NULL, '{"en": "Low (0-800m)", "vi": "Thấp (0-800m)"}', NULL, NULL, NULL, 2, (EXTRACT(EPOCH FROM clock_timestamp()) * 1e9)::bigint, '01JX0INVAT000190000000000T'),
('01JX0INVAV000530000000000BB', NOW(), NULL, '{"en": "Medium (800-1500m)", "vi": "Trung bình (800-1500m)"}', NULL, NULL, NULL, 4, (EXTRACT(EPOCH FROM clock_timestamp()) * 1e9)::bigint, '01JX0INVAT000190000000000T'),
('01JX0INVAV000540000000000BC', NOW(), NULL, '{"en": "High (>1500m)", "vi": "Cao (>1500m)"}', NULL, NULL, NULL, 2, (EXTRACT(EPOCH FROM clock_timestamp()) * 1e9)::bigint, '01JX0INVAT000190000000000T'),
('01JX0INVAV000130000000000M', NOW(), NULL, NULL, 7, NULL, NULL, 2, (EXTRACT(EPOCH FROM clock_timestamp()) * 1e9)::bigint, '01JX0INVAT000070000000000G'),
('01JX0INVAV000140000000000N', NOW(), NULL, NULL, 10, NULL, NULL, 2, (EXTRACT(EPOCH FROM clock_timestamp()) * 1e9)::bigint, '01JX0INVAT000070000000000G'),
('01JX0INVAV000550000000000BD', NOW(), NULL, NULL, 15, NULL, NULL, 2, (EXTRACT(EPOCH FROM clock_timestamp()) * 1e9)::bigint, '01JX0INVAT000070000000000G'),
('01JX0INVAV000560000000000BE', NOW(), NULL, NULL, 20, NULL, NULL, 1, (EXTRACT(EPOCH FROM clock_timestamp()) * 1e9)::bigint, '01JX0INVAT000070000000000G'),
('01JX0INVAV000150000000000O', NOW(), NULL, '{"en": "Stainless Steel", "vi": "Inox"}', NULL, NULL, NULL, 4, (EXTRACT(EPOCH FROM clock_timestamp()) * 1e9)::bigint, '01JX0INVAT000080000000000H'),
('01JX0INVAV000570000000000BF', NOW(), NULL, '{"en": "Cast Iron", "vi": "Sắt đúc"}', NULL, NULL, NULL, 3, (EXTRACT(EPOCH FROM clock_timestamp()) * 1e9)::bigint, '01JX0INVAT000080000000000H'),
('01JX0INVAV000580000000000BG', NOW(), NULL, '{"en": "Silver", "vi": "Bạc"}', NULL, NULL, NULL, 3, (EXTRACT(EPOCH FROM clock_timestamp()) * 1e9)::bigint, '01JX0INVAT000200000000000U'),
('01JX0INVAV000590000000000BH', NOW(), NULL, '{"en": "Black", "vi": "Đen"}', NULL, NULL, NULL, 2, (EXTRACT(EPOCH FROM clock_timestamp()) * 1e9)::bigint, '01JX0INVAT000200000000000U'),
('01JX0INVAV000600000000000BI', NOW(), NULL, '{"en": "Gold", "vi": "Vàng"}', NULL, NULL, NULL, 2, (EXTRACT(EPOCH FROM clock_timestamp()) * 1e9)::bigint, '01JX0INVAT000200000000000U'),
('01JX0INVAV000610000000000BJ', NOW(), NULL, '{"en": "Silicone", "vi": "Silicone"}', NULL, NULL, NULL, 2, (EXTRACT(EPOCH FROM clock_timestamp()) * 1e9)::bigint, '01JX0INVAT000210000000000V'),
('01JX0INVAV000620000000000BK', NOW(), NULL, '{"en": "Stainless Steel", "vi": "Inox"}', NULL, NULL, NULL, 3, (EXTRACT(EPOCH FROM clock_timestamp()) * 1e9)::bigint, '01JX0INVAT000210000000000V'),
('01JX0INVAV000630000000000BL', NOW(), NULL, '{"en": "Bakelite", "vi": "Bakelite"}', NULL, NULL, NULL, 2, (EXTRACT(EPOCH FROM clock_timestamp()) * 1e9)::bigint, '01JX0INVAT000210000000000V');

-- Insert inventory_variant
INSERT INTO "inventory_variant" ("id", "barcode", "created_at", "etag", "name", "proposed_price", "image_url", "sku", "status", "updated_at", "product_id") VALUES
('01JX0INVVR000010000000000A', 'BAR000001', NOW(), (EXTRACT(EPOCH FROM clock_timestamp()) * 1e9)::bigint, '{"en": "Wireless Headphones - Black BT5.0", "vi": "Tai nghe không dây - Đen BT5.0"}', 90, 'https://images.pexels.com/photos/1649771/pexels-photo-1649771.jpeg', 'WH-BLACK-BT50', 'active', NULL, '01JX0INVPD000010000000000A'),
('01JX0INVVR000020000000000B', 'BAR000002', NOW(), (EXTRACT(EPOCH FROM clock_timestamp()) * 1e9)::bigint, '{"en": "Wireless Headphones - White BT5.1", "vi": "Tai nghe không dây - Trắng BT5.1"}', 90, 'https://images.pexels.com/photos/3394650/pexels-photo-3394650.jpeg', 'WH-WHITE-BT51', 'active', NULL, '01JX0INVPD000010000000000A'),
('01JX0INVVR000030000000000C', 'BAR000003', NOW(), (EXTRACT(EPOCH FROM clock_timestamp()) * 1e9)::bigint, '{"en": "Wireless Headphones - Silver BT5.2", "vi": "Tai nghe không dây - Bạc BT5.2"}', 100, 'https://images.pexels.com/photos/1649771/pexels-photo-1649771.jpeg', 'WH-SILVER-BT52', 'active', NULL, '01JX0INVPD000010000000000A'),
('01JX0INVVR000130000000000M', 'BAR000013', NOW(), (EXTRACT(EPOCH FROM clock_timestamp()) * 1e9)::bigint, '{"en": "Wireless Headphones - Black 30hrs", "vi": "Tai nghe không dây - Đen 30 giờ"}', 80, 'https://images.pexels.com/photos/1649771/pexels-photo-1649771.jpeg', 'WH-BLACK-30H', 'active', NULL, '01JX0INVPD000010000000000A'),
('01JX0INVVR000140000000000N', 'BAR000014', NOW(), (EXTRACT(EPOCH FROM clock_timestamp()) * 1e9)::bigint, '{"en": "Wireless Headphones - Black 40hrs", "vi": "Tai nghe không dây - Đen 40 giờ"}', 110, 'https://images.pexels.com/photos/844923/pexels-photo-844923.jpeg', 'WH-BLACK-40H', 'active', NULL, '01JX0INVPD000010000000000A'),
('01JX0INVVR000150000000000O', 'BAR000015', NOW(), (EXTRACT(EPOCH FROM clock_timestamp()) * 1e9)::bigint, '{"en": "Wireless Headphones - White 40hrs", "vi": "Tai nghe không dây - Trắng 40 giờ"}', 110, 'https://images.pexels.com/photos/3394650/pexels-photo-3394650.jpeg', 'WH-WHITE-40H', 'active', NULL, '01JX0INVPD000010000000000A'),
('01JX0INVVR000040000000000D', 'BAR000004', NOW(), (EXTRACT(EPOCH FROM clock_timestamp()) * 1e9)::bigint, '{"en": "Cotton T-Shirt - Navy M", "vi": "Áo phông Cotton - Xanh đen M"}', 20, 'https://images.pexels.com/photos/2294342/pexels-photo-2294342.jpeg', 'TS-NAVY-M', 'active', NULL, '01JX0INVPD000020000000000B'),
('01JX0INVVR000050000000000E', 'BAR000005', NOW(), (EXTRACT(EPOCH FROM clock_timestamp()) * 1e9)::bigint, '{"en": "Cotton T-Shirt - Navy L", "vi": "Áo phông Cotton - Xanh đen L"}', 20, 'https://images.pexels.com/photos/4066292/pexels-photo-4066292.jpeg', 'TS-NAVY-L', 'active', NULL, '01JX0INVPD000020000000000B'),
('01JX0INVVR000060000000000F', 'BAR000006', NOW(), (EXTRACT(EPOCH FROM clock_timestamp()) * 1e9)::bigint, '{"en": "Cotton T-Shirt - Navy XL", "vi": "Áo phông Cotton - Xanh đen XL"}', 22, 'https://images.pexels.com/photos/4066292/pexels-photo-4066292.jpeg', 'TS-NAVY-XL', 'active', NULL, '01JX0INVPD000020000000000B'),
('01JX0INVVR000160000000000P', 'BAR000016', NOW(), (EXTRACT(EPOCH FROM clock_timestamp()) * 1e9)::bigint, '{"en": "Cotton T-Shirt - Red M Premium", "vi": "Áo phông Cotton - Đỏ M Premium"}', 25, 'https://images.pexels.com/photos/1861907/pexels-photo-1861907.jpeg', 'TS-RED-M-PREM', 'active', NULL, '01JX0INVPD000020000000000B'),
('01JX0INVVR000170000000000Q', 'BAR000017', NOW(), (EXTRACT(EPOCH FROM clock_timestamp()) * 1e9)::bigint, '{"en": "Cotton T-Shirt - Red S Premium", "vi": "Áo phông Cotton - Đỏ S Premium"}', 25, 'https://images.pexels.com/photos/1861907/pexels-photo-1861907.jpeg', 'TS-RED-S-PREM', 'active', NULL, '01JX0INVPD000020000000000B'),
('01JX0INVVR000180000000000R', 'BAR000018', NOW(), (EXTRACT(EPOCH FROM clock_timestamp()) * 1e9)::bigint, '{"en": "Cotton T-Shirt - Blue L Premium", "vi": "Áo phông Cotton - Xanh lam L Premium"}', 25, 'https://images.pexels.com/photos/4066292/pexels-photo-4066292.jpeg', 'TS-BLUE-L-PREM', 'active', NULL, '01JX0INVPD000020000000000B'),
('01JX0INVVR000190000000000S', 'BAR000019', NOW(), (EXTRACT(EPOCH FROM clock_timestamp()) * 1e9)::bigint, '{"en": "Cotton T-Shirt - Gray XL Blend", "vi": "Áo phông Cotton - Xám XL Hỗn hợp"}', 23, 'https://images.pexels.com/photos/9558695/pexels-photo-9558695.jpeg', 'TS-GRAY-XL-BLD', 'active', NULL, '01JX0INVPD000020000000000B'),
('01JX0INVVR000200000000000T', 'BAR000020', NOW(), (EXTRACT(EPOCH FROM clock_timestamp()) * 1e9)::bigint, '{"en": "Cotton T-Shirt - Blue M Blend", "vi": "Áo phông Cotton - Xanh lam M Hỗn hợp"}', 23, 'https://images.pexels.com/photos/1861907/pexels-photo-1861907.jpeg', 'TS-BLUE-M-BLD', 'active', NULL, '01JX0INVPD000020000000000B'),
('01JX0INVVR000070000000000G', 'BAR000007', NOW(), (EXTRACT(EPOCH FROM clock_timestamp()) * 1e9)::bigint, '{"en": "Organic Coffee - Vietnam Medium 500g", "vi": "Cà phê hữu cơ - Việt Nam Rang Trung 500g"}', 15, 'https://images.pexels.com/photos/261434/pexels-photo-261434.jpeg', 'CF-VN-MED-500', 'active', NULL, '01JX0INVPD000030000000000C'),
('01JX0INVVR000080000000000H', 'BAR000008', NOW(), (EXTRACT(EPOCH FROM clock_timestamp()) * 1e9)::bigint, '{"en": "Organic Coffee - Vietnam Dark 500g", "vi": "Cà phê hữu cơ - Việt Nam Rang Đậm 500g"}', 15, 'https://images.pexels.com/photos/585754/pexels-photo-585754.jpeg', 'CF-VN-DRK-500', 'active', NULL, '01JX0INVPD000030000000000C'),
('01JX0INVVR000090000000000I', 'BAR000009', NOW(), (EXTRACT(EPOCH FROM clock_timestamp()) * 1e9)::bigint, '{"en": "Organic Coffee - Colombia Medium 500g", "vi": "Cà phê hữu cơ - Colombia Rang Trung 500g"}', 17, 'https://images.pexels.com/photos/261434/pexels-photo-261434.jpeg', 'CF-CO-MED-500', 'active', NULL, '01JX0INVPD000030000000000C'),
('01JX0INVVR000100000000000J', 'BAR000010', NOW(), (EXTRACT(EPOCH FROM clock_timestamp()) * 1e9)::bigint, '{"en": "Organic Coffee - Colombia Dark 500g", "vi": "Cà phê hữu cơ - Colombia Rang Đậm 500g"}', 17, 'https://images.pexels.com/photos/585754/pexels-photo-585754.jpeg', 'CF-CO-DRK-500', 'active', NULL, '01JX0INVPD000030000000000C'),
('01JX0INVVR000210000000000U', 'BAR000021', NOW(), (EXTRACT(EPOCH FROM clock_timestamp()) * 1e9)::bigint, '{"en": "Organic Coffee - Ethiopia Light 1kg", "vi": "Cà phê hữu cơ - Ethiopia Nhạt 1kg"}', 25, 'https://images.pexels.com/photos/585753/pexels-photo-585753.jpeg', 'CF-ETH-LIGHT-1K', 'active', NULL, '01JX0INVPD000030000000000C'),
('01JX0INVVR000220000000000V', 'BAR000022', NOW(), (EXTRACT(EPOCH FROM clock_timestamp()) * 1e9)::bigint, '{"en": "Organic Coffee - Vietnam Light 250g", "vi": "Cà phê hữu cơ - Việt Nam Nhạt 250g"}', 9, 'https://images.pexels.com/photos/261434/pexels-photo-261434.jpeg', 'CF-VN-LIGHT-250', 'active', NULL, '01JX0INVPD000030000000000C'),
('01JX0INVVR000230000000000W', 'BAR000023', NOW(), (EXTRACT(EPOCH FROM clock_timestamp()) * 1e9)::bigint, '{"en": "Organic Coffee - Colombia Extra Dark 1kg", "vi": "Cà phê hữu cơ - Colombia Đen đậm 1kg"}', 29, 'https://images.pexels.com/photos/585754/pexels-photo-585754.jpeg', 'CF-CO-XDARK-1K', 'active', NULL, '01JX0INVPD000030000000000C'),
('01JX0INVVR000240000000000X', 'BAR000024', NOW(), (EXTRACT(EPOCH FROM clock_timestamp()) * 1e9)::bigint, '{"en": "Organic Coffee - Vietnam Medium Natural 1kg", "vi": "Cà phê hữu cơ - Việt Nam Trung Tự nhiên 1kg"}', 19, 'https://images.pexels.com/photos/261434/pexels-photo-261434.jpeg', 'CF-VN-MED-NAT-1K', 'active', NULL, '01JX0INVPD000030000000000C'),
('01JX0INVVR000110000000000K', 'BAR000011', NOW(), (EXTRACT(EPOCH FROM clock_timestamp()) * 1e9)::bigint, '{"en": "Kitchenware Set - 7 Pieces Stainless", "vi": "Bộ dụng cụ nhà bếp - 7 bộ Inox"}', 50, 'https://images.pexels.com/photos/1599791/pexels-photo-1599791.jpeg', 'KW-7PC-SS', 'active', NULL, '01JX0INVPD000040000000000D'),
('01JX0INVVR000120000000000L', 'BAR000012', NOW(), (EXTRACT(EPOCH FROM clock_timestamp()) * 1e9)::bigint, '{"en": "Kitchenware Set - 10 Pieces Stainless", "vi": "Bộ dụng cụ nhà bếp - 10 bộ Inox"}', 70,  'https://images.pexels.com/photos/3847520/pexels-photo-3847520.jpeg', 'KW-10PC-SS', 'active', NULL, '01JX0INVPD000040000000000D'),
('01JX0INVVR000250000000000Y', 'BAR000025', NOW(), (EXTRACT(EPOCH FROM clock_timestamp()) * 1e9)::bigint, '{"en": "Kitchenware Set - 15 Pieces Cast Iron", "vi": "Bộ dụng cụ nhà bếp - 15 bộ Sắt đúc"}', 90, 'https://images.pexels.com/photos/5824883/pexels-photo-5824883.jpeg', 'KW-15PC-CI', 'active', NULL, '01JX0INVPD000040000000000D'),
('01JX0INVVR000260000000000Z', 'BAR000026', NOW(), (EXTRACT(EPOCH FROM clock_timestamp()) * 1e9)::bigint, '{"en": "Kitchenware Set - 20 Pieces Cast Iron", "vi": "Bộ dụng cụ nhà bếp - 20 bộ Sắt đúc"}', 130, 'https://images.pexels.com/photos/5824883/pexels-photo-5824883.jpeg', 'KW-20PC-CI', 'active', NULL, '01JX0INVPD000040000000000D'),
('01JX0INVVR000270000000000AA', 'BAR000027', NOW(), (EXTRACT(EPOCH FROM clock_timestamp()) * 1e9)::bigint, '{"en": "Kitchenware Set - 7pc Silver Silicone", "vi": "Bộ dụng cụ nhà bếp - 7pc Bạc Silicone"}', 55, 'https://images.pexels.com/photos/1599791/pexels-photo-1599791.jpeg', 'KW-7PC-SIL', 'active', NULL, '01JX0INVPD000040000000000D'),
('01JX0INVVR000280000000000AB', 'BAR000028', NOW(), (EXTRACT(EPOCH FROM clock_timestamp()) * 1e9)::bigint, '{"en": "Kitchenware Set - 10pc Black Bakelite", "vi": "Bộ dụng cụ nhà bếp - 10pc Đen Bakelite"}', 75, 'https://images.pexels.com/photos/3847520/pexels-photo-3847520.jpeg', 'KW-10PC-BAK', 'active', NULL, '01JX0INVPD000040000000000D');

-- Update default_variant_id for products
UPDATE "inventory_product" SET "default_variant_id" = '01JX0INVVR000010000000000A' WHERE "id" = '01JX0INVPD000010000000000A';
UPDATE "inventory_product" SET "default_variant_id" = '01JX0INVVR000040000000000D' WHERE "id" = '01JX0INVPD000020000000000B';
UPDATE "inventory_product" SET "default_variant_id" = '01JX0INVVR000070000000000G' WHERE "id" = '01JX0INVPD000030000000000C';
UPDATE "inventory_product" SET "default_variant_id" = '01JX0INVVR000110000000000K' WHERE "id" = '01JX0INVPD000040000000000D';

-- Insert variant_attribute_value_rel (relationships between variants and attribute values)
INSERT INTO "variant_attribute_value_rel" ("variant_id", "attribute_value_id") VALUES
('01JX0INVVR000010000000000A', '01JX0INVAV000010000000000A'),('01JX0INVVR000010000000000A', '01JX0INVAV000040000000000D'),('01JX0INVVR000010000000000A', '01JX0INVAV000200000000000U'),('01JX0INVVR000010000000000A', '01JX0INVAV000230000000000X'),('01JX0INVVR000010000000000A', '01JX0INVAV000260000000000AA'),('01JX0INVVR000010000000000A', '01JX0INVAV000280000000000AC'),('01JX0INVVR000010000000000A', '01JX0INVAV000300000000000AE'),
('01JX0INVVR000020000000000B', '01JX0INVAV000020000000000B'),('01JX0INVVR000020000000000B', '01JX0INVAV000040000000000D'),('01JX0INVVR000020000000000B', '01JX0INVAV000210000000000V'),('01JX0INVVR000020000000000B', '01JX0INVAV000240000000000Y'),('01JX0INVVR000020000000000B', '01JX0INVAV000270000000000AB'),('01JX0INVVR000020000000000B', '01JX0INVAV000280000000000AC'),('01JX0INVVR000020000000000B', '01JX0INVAV000300000000000AE'),
('01JX0INVVR000030000000000C', '01JX0INVAV000030000000000C'),('01JX0INVVR000030000000000C', '01JX0INVAV000040000000000D'),('01JX0INVVR000030000000000C', '01JX0INVAV000220000000000W'),('01JX0INVVR000030000000000C', '01JX0INVAV000250000000000Z'),('01JX0INVVR000030000000000C', '01JX0INVAV000270000000000AB'),('01JX0INVVR000030000000000C', '01JX0INVAV000290000000000AD'),('01JX0INVVR000030000000000C', '01JX0INVAV000310000000000AF'),
('01JX0INVVR000130000000000M', '01JX0INVAV000010000000000A'),('01JX0INVVR000130000000000M', '01JX0INVAV000240000000000Y'),('01JX0INVVR000130000000000M', '01JX0INVAV000280000000000AC'),
('01JX0INVVR000140000000000N', '01JX0INVAV000010000000000A'),('01JX0INVVR000140000000000N', '01JX0INVAV000250000000000Z'),('01JX0INVVR000140000000000N', '01JX0INVAV000290000000000AD'),
('01JX0INVVR000150000000000O', '01JX0INVAV000020000000000B'),('01JX0INVVR000150000000000O', '01JX0INVAV000250000000000Z'),('01JX0INVVR000150000000000O', '01JX0INVAV000290000000000AD'),
('01JX0INVVR000040000000000D', '01JX0INVAV000320000000000AG'),('01JX0INVVR000040000000000D', '01JX0INVAV000350000000000AJ'),('01JX0INVVR000040000000000D', '01JX0INVAV000080000000000H'),('01JX0INVVR000040000000000D', '01JX0INVAV000390000000000AN'),
('01JX0INVVR000050000000000E', '01JX0INVAV000060000000000F'),('01JX0INVVR000050000000000E', '01JX0INVAV000350000000000AJ'),('01JX0INVVR000050000000000E', '01JX0INVAV000080000000000H'),('01JX0INVVR000050000000000E', '01JX0INVAV000390000000000AN'),
('01JX0INVVR000060000000000F', '01JX0INVAV000070000000000G'),('01JX0INVVR000060000000000F', '01JX0INVAV000350000000000AJ'),('01JX0INVVR000060000000000F', '01JX0INVAV000080000000000H'),('01JX0INVVR000060000000000F', '01JX0INVAV000390000000000AN'),
('01JX0INVVR000160000000000P', '01JX0INVAV000050000000000E'),('01JX0INVVR000160000000000P', '01JX0INVAV000360000000000AK'),('01JX0INVVR000160000000000P', '01JX0INVAV000080000000000H'),('01JX0INVVR000160000000000P', '01JX0INVAV000390000000000AN'),
('01JX0INVVR000170000000000Q', '01JX0INVAV000320000000000AG'),('01JX0INVVR000170000000000Q', '01JX0INVAV000360000000000AK'),('01JX0INVVR000170000000000Q', '01JX0INVAV000080000000000H'),('01JX0INVVR000170000000000Q', '01JX0INVAV000390000000000AN'),
('01JX0INVVR000180000000000R', '01JX0INVAV000060000000000F'),('01JX0INVVR000180000000000R', '01JX0INVAV000370000000000AL'),('01JX0INVVR000180000000000R', '01JX0INVAV000080000000000H'),('01JX0INVVR000180000000000R', '01JX0INVAV000390000000000AN'),
('01JX0INVVR000190000000000S', '01JX0INVAV000070000000000G'),('01JX0INVVR000190000000000S', '01JX0INVAV000380000000000AM'),('01JX0INVVR000190000000000S', '01JX0INVAV000340000000000AI'),('01JX0INVVR000190000000000S', '01JX0INVAV000400000000000AO'),
('01JX0INVVR000200000000000T', '01JX0INVAV000050000000000E'),('01JX0INVVR000200000000000T', '01JX0INVAV000370000000000AL'),('01JX0INVVR000200000000000T', '01JX0INVAV000340000000000AI'),('01JX0INVVR000200000000000T', '01JX0INVAV000400000000000AO'),
('01JX0INVVR000070000000000G', '01JX0INVAV000090000000000I'),('01JX0INVVR000070000000000G', '01JX0INVAV000110000000000K'),('01JX0INVVR000070000000000G', '01JX0INVAV000450000000000AT'),('01JX0INVVR000070000000000G', '01JX0INVAV000470000000000AV'),('01JX0INVVR000070000000000G', '01JX0INVAV000490000000000AX'),('01JX0INVVR000070000000000G', '01JX0INVAV000530000000000BB'),
('01JX0INVVR000080000000000H', '01JX0INVAV000100000000000J'),('01JX0INVVR000080000000000H', '01JX0INVAV000110000000000K'),('01JX0INVVR000080000000000H', '01JX0INVAV000450000000000AT'),('01JX0INVVR000080000000000H', '01JX0INVAV000470000000000AV'),('01JX0INVVR000080000000000H', '01JX0INVAV000490000000000AX'),('01JX0INVVR000080000000000H', '01JX0INVAV000530000000000BB'),
('01JX0INVVR000090000000000I', '01JX0INVAV000090000000000I'),('01JX0INVVR000090000000000I', '01JX0INVAV000120000000000L'),('01JX0INVVR000090000000000I', '01JX0INVAV000450000000000AT'),('01JX0INVVR000090000000000I', '01JX0INVAV000470000000000AV'),('01JX0INVVR000090000000000I', '01JX0INVAV000500000000000AY'),('01JX0INVVR000090000000000I', '01JX0INVAV000540000000000BC'),
('01JX0INVVR000100000000000J', '01JX0INVAV000100000000000J'),('01JX0INVVR000100000000000J', '01JX0INVAV000120000000000L'),('01JX0INVVR000100000000000J', '01JX0INVAV000450000000000AT'),('01JX0INVVR000100000000000J', '01JX0INVAV000470000000000AV'),('01JX0INVVR000100000000000J', '01JX0INVAV000510000000000AZ'),('01JX0INVVR000100000000000J', '01JX0INVAV000540000000000BC'),
('01JX0INVVR000210000000000U', '01JX0INVAV000410000000000AP'),('01JX0INVVR000210000000000U', '01JX0INVAV000430000000000AR'),('01JX0INVVR000210000000000U', '01JX0INVAV000460000000000AU'),('01JX0INVVR000210000000000U', '01JX0INVAV000470000000000AV'),('01JX0INVVR000210000000000U', '01JX0INVAV000490000000000AX'),('01JX0INVVR000210000000000U', '01JX0INVAV000540000000000BC'),
('01JX0INVVR000220000000000V', '01JX0INVAV000410000000000AP'),('01JX0INVVR000220000000000V', '01JX0INVAV000110000000000K'),('01JX0INVVR000220000000000V', '01JX0INVAV000440000000000AS'),('01JX0INVVR000220000000000V', '01JX0INVAV000470000000000AV'),('01JX0INVVR000220000000000V', '01JX0INVAV000490000000000AX'),
('01JX0INVVR000230000000000W', '01JX0INVAV000420000000000AQ'),('01JX0INVVR000230000000000W', '01JX0INVAV000120000000000L'),('01JX0INVVR000230000000000W', '01JX0INVAV000460000000000AU'),('01JX0INVVR000230000000000W', '01JX0INVAV000480000000000AW'),('01JX0INVVR000230000000000W', '01JX0INVAV000510000000000AZ'),('01JX0INVVR000230000000000W', '01JX0INVAV000540000000000BC'),
('01JX0INVVR000240000000000X', '01JX0INVAV000090000000000I'),('01JX0INVVR000240000000000X', '01JX0INVAV000110000000000K'),('01JX0INVVR000240000000000X', '01JX0INVAV000460000000000AU'),('01JX0INVVR000240000000000X', '01JX0INVAV000470000000000AV'),('01JX0INVVR000240000000000X', '01JX0INVAV000500000000000AY'),('01JX0INVVR000240000000000X', '01JX0INVAV000530000000000BB'),
('01JX0INVVR000110000000000K', '01JX0INVAV000130000000000M'),('01JX0INVVR000110000000000K', '01JX0INVAV000150000000000O'),('01JX0INVVR000110000000000K', '01JX0INVAV000580000000000BG'),('01JX0INVVR000110000000000K', '01JX0INVAV000610000000000BJ'),
('01JX0INVVR000120000000000L', '01JX0INVAV000140000000000N'),('01JX0INVVR000120000000000L', '01JX0INVAV000150000000000O'),('01JX0INVVR000120000000000L', '01JX0INVAV000580000000000BG'),('01JX0INVVR000120000000000L', '01JX0INVAV000620000000000BK'),
('01JX0INVVR000250000000000Y', '01JX0INVAV000550000000000BD'),('01JX0INVVR000250000000000Y', '01JX0INVAV000570000000000BF'),('01JX0INVVR000250000000000Y', '01JX0INVAV000590000000000BH'),('01JX0INVVR000250000000000Y', '01JX0INVAV000610000000000BJ'),
('01JX0INVVR000260000000000Z', '01JX0INVAV000560000000000BE'),('01JX0INVVR000260000000000Z', '01JX0INVAV000570000000000BF'),('01JX0INVVR000260000000000Z', '01JX0INVAV000600000000000BI'),('01JX0INVVR000260000000000Z', '01JX0INVAV000630000000000BL'),
('01JX0INVVR000270000000000AA', '01JX0INVAV000130000000000M'),('01JX0INVVR000270000000000AA', '01JX0INVAV000150000000000O'),('01JX0INVVR000270000000000AA', '01JX0INVAV000580000000000BG'),('01JX0INVVR000270000000000AA', '01JX0INVAV000610000000000BJ'),
('01JX0INVVR000280000000000AB', '01JX0INVAV000140000000000N'),('01JX0INVVR000280000000000AB', '01JX0INVAV000150000000000O'),('01JX0INVVR000280000000000AB', '01JX0INVAV000590000000000BH'),('01JX0INVVR000280000000000AB', '01JX0INVAV000630000000000BL');
